Phone_ID,Name,Company,Release_Year,Price,Price_Category,Star_Rating,Number_of_Ratings,Number_of_Reviews,Processor,Processor_Brand,Processor_Score,GPU,RAM_GB,ROM_GB,Expandable_GB,Battery_mAh,Charging_Watt,Wireless_Charging,Display_Size,Display_Type,Refresh_Rate,Rear_Camera_MP,Front_Camera_MP,Camera_Score,Gaming_Score,Performance_Score,Battery_Score,Value_For_Money_Score,OS,5G_Support,IP_Rating,Premium_Brand,Luxury,Ultra_Luxury,Best_For,Recommendation_Score
1,Galaxy S25 Ultra,Samsung,2025,129999,Ultra Premium,4.8,15000,2500,Snapdragon 8 Elite,Snapdragon,98,Adreno 830,12,512,1000,5000,45,Yes,6.9,AMOLED,120,200,12,98,97,98,90,85,Android,Yes,IP68,Yes,Yes,Yes,Camera,96
2,Galaxy S25 Plus,Samsung,2025,99999,Premium,4.7,12000,1800,Snapdragon 8 Elite,Snapdragon,97,Adreno 830,12,256,1000,4900,45,Yes,6.7,AMOLED,120,50,12,92,95,96,88,86,Android,Yes,IP68,Yes,Yes,No,Performance,94
3,Galaxy S25,Samsung,2025,79999,Premium,4.6,10000,1500,Snapdragon 8 Elite,Snapdragon,96,Adreno 830,8,256,1000,4000,25,No,6.2,AMOLED,120,50,12,90,93,95,80,88,Android,Yes,IP68,Yes,Yes,No,Balanced,92
4,iPhone 17 Pro Max,Apple,2025,149999,Ultra Premium,4.9,20000,4000,A19 Pro,Apple,99,Apple GPU,12,512,0,4700,40,Yes,6.9,OLED,120,48,24,99,99,99,92,88,iOS,Yes,IP68,Yes,Yes,Yes,Performance,98
5,iPhone 17 Pro,Apple,2025,129999,Ultra Premium,4.8,17000,3000,A19 Pro,Apple,99,Apple GPU,12,256,0,4300,40,Yes,6.3,OLED,120,48,24,97,98,99,85,87,iOS,Yes,IP68,Yes,Yes,No,Camera,96
6,iPhone 17,Apple,2025,89999,Premium,4.7,14000,2500,A19,Apple,96,Apple GPU,8,256,0,3900,30,No,6.1,OLED,120,48,12,92,90,95,80,90,iOS,Yes,IP68,Yes,Yes,No,Daily Use,93
7,OnePlus 13,OnePlus,2025,69999,Premium,4.6,9000,1300,Snapdragon 8 Elite,Snapdragon,97,Adreno 830,12,256,1000,6000,100,No,6.8,AMOLED,120,50,32,92,96,97,98,92,Android,Yes,IP68,No,No,No,Gaming,95
8,OnePlus 13R,OnePlus,2025,44999,Upper Mid Range,4.5,8000,1000,Snapdragon 8 Gen 3,Snapdragon,92,Adreno 750,12,256,0,6000,80,No,6.78,AMOLED,120,50,16,88,94,92,98,95,Android,Yes,None,No,No,No,Gaming,91
9,Xiaomi 15 Ultra,Xiaomi,2025,109999,Premium,4.7,7000,1200,Snapdragon 8 Elite,Snapdragon,98,Adreno 830,16,512,1000,5410,90,Yes,6.73,AMOLED,120,200,32,98,97,98,95,86,Android,Yes,IP68,No,Yes,No,Camera,96
10,Redmi Note 14 Pro,Xiaomi,2025,24999,Mid Range,4.4,9000,1500,Dimensity 7300,MediaTek,82,Mali,8,256,512,5500,67,No,6.67,AMOLED,120,200,16,85,82,84,94,92,Android,Yes,None,No,No,No,Value,89
11,Pixel 10 Pro,Google,2025,99999,Premium,4.7,8500,1400,Tensor G5,Google,94,Immortalis GPU,16,256,0,5000,45,Yes,6.7,OLED,120,50,42,98,88,92,90,84,Android,Yes,IP68,Yes,Yes,No,Camera,94
12,Pixel 10,Google,2025,69999,Premium,4.6,7000,1100,Tensor G5,Google,90,Immortalis GPU,12,256,0,4800,30,No,6.3,OLED,120,50,32,94,85,89,88,88,Android,Yes,IP68,Yes,No,No,Camera,91
13,Galaxy Z Fold 7,Samsung,2025,179999,Ultra Premium,4.6,5000,900,Snapdragon 8 Elite,Snapdragon,98,Adreno 830,12,512,0,4400,45,Yes,8.0,AMOLED Foldable,120,50,10,95,90,95,82,70,Android,Yes,IP48,Yes,Yes,Yes,Luxury,94
14,Galaxy Z Flip 7,Samsung,2025,109999,Premium,4.5,6000,1000,Snapdragon 8 Elite,Snapdragon,96,Adreno 830,12,256,0,4300,45,Yes,6.9,AMOLED Foldable,120,50,10,90,88,94,84,76,Android,Yes,IP48,Yes,Yes,No,Luxury,90
15,Nothing Phone 3,Nothing,2025,49999,Upper Mid Range,4.5,8000,1200,Snapdragon 8s Gen 4,Snapdragon,88,Adreno GPU,12,256,0,5200,65,No,6.7,AMOLED,120,50,32,86,88,87,92,94,Android,Yes,None,No,No,No,Balanced,90
16,Nothing Phone 3a,Nothing,2025,29999,Mid Range,4.4,9000,1600,Snapdragon 7s Gen 3,Snapdragon,78,Adreno GPU,8,128,0,5000,50,No,6.77,AMOLED,120,50,32,82,80,78,90,96,Android,Yes,None,No,No,No,Value,88
17,Vivo X200 Pro,Vivo,2025,94999,Premium,4.7,7500,1300,Dimensity 9400,MediaTek,96,Immortalis,16,512,1000,6000,90,Yes,6.78,AMOLED,120,200,50,97,90,95,98,85,Android,Yes,IP68,No,Yes,No,Camera,95
18,Vivo V50 Pro,Vivo,2025,49999,Upper Mid Range,4.5,6000,900,Dimensity 8400,MediaTek,86,Mali,12,256,1000,6000,80,No,6.77,AMOLED,120,50,50,90,84,86,96,92,Android,Yes,None,No,No,No,Camera,91
19,Oppo Find X8 Ultra,Oppo,2025,109999,Premium,4.7,6500,1000,Dimensity 9400,MediaTek,96,Immortalis,16,512,1000,5400,100,Yes,6.8,AMOLED,120,200,50,98,92,96,94,84,Android,Yes,IP68,No,Yes,No,Photography,96
20,Oppo Reno 14 Pro,Oppo,2025,49999,Upper Mid Range,4.5,7000,1200,Dimensity 8350,MediaTek,84,Mali,12,256,0,5800,80,No,6.83,AMOLED,120,50,50,91,84,85,95,93,Android,Yes,None,No,No,No,Camera,91
21,iQOO 13,iQOO,2025,59999,Premium,4.6,8000,1200,Snapdragon 8 Elite,Snapdragon,98,Adreno 830,16,512,1000,6150,120,No,6.82,AMOLED,144,50,32,88,99,97,98,92,Android,Yes,IP68,No,No,No,Gaming,96
22,iQOO Neo 10,iQOO,2025,34999,Mid Range,4.5,7500,1100,Snapdragon 8s Gen 4,Snapdragon,88,Adreno GPU,12,256,1000,6100,120,No,6.78,AMOLED,144,50,16,82,94,88,98,95,Android,Yes,None,No,No,No,Gaming,91
23,Asus ROG Phone 9,Asus,2025,109999,Premium,4.7,5000,800,Snapdragon 8 Elite,Snapdragon,99,Adreno 830,24,512,1000,5800,65,Yes,6.78,AMOLED,165,50,32,85,100,99,95,82,Android,Yes,IP68,No,Yes,No,Gaming,97
24,Asus Zenfone 12,Asus,2025,79999,Premium,4.5,3500,600,Snapdragon 8 Elite,Snapdragon,97,Adreno 830,12,256,0,5000,65,Yes,5.9,AMOLED,120,50,32,90,90,96,90,82,Android,Yes,IP68,No,Yes,No,Compact,92
25,Motorola Edge 60 Ultra,Motorola,2025,69999,Premium,4.5,6000,900,Snapdragon 8 Gen 4,Snapdragon,95,Adreno GPU,12,512,1000,5200,68,No,6.7,POLED,144,50,50,90,92,94,90,90,Android,Yes,IP68,No,No,No,Balanced,93
26,Motorola Edge 60 Fusion,Motorola,2025,24999,Mid Range,4.4,10000,1600,Dimensity 7400,MediaTek,80,Mali,8,256,1000,5200,68,No,6.67,POLED,120,50,32,84,82,80,90,95,Android,Yes,IP68,No,No,No,Value,89
27,Realme GT 7 Pro,Realme,2025,59999,Premium,4.6,8500,1300,Snapdragon 8 Elite,Snapdragon,97,Adreno 830,16,512,1000,6500,120,No,6.78,AMOLED,120,50,32,88,98,96,99,92,Android,Yes,None,No,No,No,Gaming,95
28,Realme P4 Pro,Realme,2025,29999,Mid Range,4.4,6000,900,Dimensity 8400,MediaTek,85,Mali,12,256,1000,5500,80,No,6.7,AMOLED,120,50,16,82,86,85,94,94,Android,Yes,None,No,No,No,Value,89
29,Poco F7 Ultra,Poco,2025,44999,Upper Mid Range,4.5,12000,2000,Snapdragon 8 Elite,Snapdragon,96,Adreno 830,12,256,1000,6000,90,No,6.67,AMOLED,120,50,20,84,97,95,98,96,Android,Yes,None,No,No,No,Gaming,94
30,Poco X7 Pro,Poco,2025,27999,Mid Range,4.5,15000,2500,Dimensity 8400,MediaTek,86,Mali,12,256,1000,6000,90,No,6.67,AMOLED,120,50,20,82,92,86,97,97,Android,Yes,None,No,No,No,Gaming,92
31,Huawei Mate 70 Pro,Huawei,2024,99999,Premium,4.6,4000,700,Kirin 9020,Huawei,92,Maleoon GPU,12,512,1000,5050,80,Yes,6.8,OLED,120,50,13,95,88,92,90,80,HarmonyOS,Yes,IP68,No,Yes,No,Premium,92
32,Huawei Pura 70 Ultra,Huawei,2024,129999,Ultra Premium,4.7,3000,500,Kirin 9010,Huawei,90,Maleoon GPU,16,512,1000,5200,100,Yes,6.8,OLED,120,50,13,98,85,91,92,78,HarmonyOS,Yes,IP68,No,Yes,Yes,Photography,94
33,HONOR Magic 7 Pro,HONOR,2025,89999,Premium,4.6,5000,800,Snapdragon 8 Elite,Snapdragon,97,Adreno 830,12,512,1000,5850,100,Yes,6.8,OLED,120,50,50,95,94,96,95,85,Android,Yes,IP68,No,Yes,No,Camera,94
34,HONOR 400 Pro,HONOR,2025,49999,Upper Mid Range,4.5,4000,700,Snapdragon 8 Gen 3,Snapdragon,91,Adreno,12,256,0,5300,66,No,6.7,OLED,120,50,50,90,88,90,92,90,Android,Yes,None,No,No,No,Balanced,91
35,Sony Xperia 1 VII,Sony,2025,119999,Ultra Premium,4.5,2500,400,Snapdragon 8 Elite,Snapdragon,97,Adreno 830,12,256,1000,5000,30,Yes,6.5,OLED,120,48,12,96,90,95,88,75,Android,Yes,IP68,Yes,Yes,No,Photography,93
36,Sony Xperia 10 VII,Sony,2025,39999,Mid Range,4.3,2000,300,Snapdragon 6 Gen 4,Snapdragon,75,Adreno,8,128,1000,5000,30,No,6.1,OLED,120,48,12,80,75,76,88,88,Android,Yes,IP68,Yes,No,No,Compact,85
37,Nokia XR22,Nokia,2025,29999,Mid Range,4.2,1500,200,Snapdragon 6 Gen 3,Snapdragon,72,Adreno,8,128,1000,5000,33,No,6.5,LCD,90,50,8,75,70,72,90,85,Android,Yes,IP68,No,No,No,Rugged,82
38,Redmi K80 Pro,Xiaomi,2025,49999,Upper Mid Range,4.6,9000,1400,Snapdragon 8 Elite,Snapdragon,97,Adreno 830,16,512,1000,6000,120,No,6.67,AMOLED,120,50,20,86,98,96,98,96,Android,Yes,None,No,No,No,Gaming,95
39,Black Shark 6,Black Shark,2025,69999,Premium,4.5,2500,400,Snapdragon 8 Elite,Snapdragon,98,Adreno 830,16,512,1000,5500,120,No,6.8,AMOLED,144,50,20,84,100,98,95,82,Android,Yes,None,No,No,No,Gaming,94
40,Red Magic 10 Pro,Nubia,2025,79999,Premium,4.7,6000,900,Snapdragon 8 Elite,Snapdragon,99,Adreno 830,24,1024,0,7050,120,No,6.85,AMOLED,144,50,16,82,100,99,100,88,Android,Yes,None,No,No,No,Gaming,97
41,Galaxy A56,Samsung,2025,39999,Upper Mid Range,4.5,9000,1500,Exynos 1580,Exynos,82,Xclipse GPU,8,256,1000,5000,45,No,6.74,AMOLED,120,50,12,84,78,82,90,94,Android,Yes,IP67,Yes,No,No,Balanced,89
42,Galaxy A36,Samsung,2025,29999,Mid Range,4.4,12000,2000,Snapdragon 6 Gen 3,Snapdragon,74,Adreno GPU,8,128,1000,5000,45,No,6.7,AMOLED,120,50,12,82,75,76,90,95,Android,Yes,IP67,Yes,No,No,Value,88
43,Galaxy M56,Samsung,2025,27999,Mid Range,4.3,7000,1000,Exynos 1480,Exynos,76,Xclipse GPU,8,256,1000,6000,45,No,6.7,AMOLED,120,50,12,80,76,78,96,96,Android,Yes,None,Yes,No,No,Battery,87
44,Galaxy F56,Samsung,2025,25999,Mid Range,4.3,5000,800,Exynos 1480,Exynos,75,Xclipse GPU,8,128,1000,6000,45,No,6.6,AMOLED,120,50,12,78,75,77,96,95,Android,Yes,None,Yes,No,No,Battery,86
45,OnePlus Nord 5,OnePlus,2025,39999,Upper Mid Range,4.5,10000,1700,Snapdragon 8s Gen 3,Snapdragon,87,Adreno GPU,12,256,1000,5200,80,No,6.74,AMOLED,120,50,32,87,88,88,90,95,Android,Yes,None,No,No,No,Balanced,91
46,OnePlus Nord CE 5,OnePlus,2025,24999,Mid Range,4.4,8000,1200,Dimensity 8400,MediaTek,85,Mali GPU,8,128,1000,7100,80,No,6.7,AMOLED,120,50,16,82,86,84,99,96,Android,Yes,None,No,No,No,Battery,90
47,Xiaomi 15,Xiaomi,2025,69999,Premium,4.6,6000,900,Snapdragon 8 Elite,Snapdragon,97,Adreno 830,12,256,1000,5240,90,Yes,6.36,AMOLED,120,50,32,92,95,96,90,86,Android,Yes,IP68,No,No,No,Compact,93
48,Xiaomi 14T Pro,Xiaomi,2024,59999,Premium,4.6,5000,700,Dimensity 9300+,MediaTek,94,Immortalis,12,512,1000,5000,120,No,6.67,AMOLED,144,50,32,93,95,94,88,90,Android,Yes,IP68,No,No,No,Performance,93
49,Redmi Note 14,Xiaomi,2025,17999,Budget,4.3,15000,3000,Dimensity 6100+,MediaTek,70,Mali GPU,6,128,512,5110,45,No,6.67,AMOLED,120,50,16,78,70,72,92,97,Android,Yes,None,No,No,No,Value,85
50,Poco M7 Pro,Poco,2025,15999,Budget,4.3,10000,1800,Dimensity 7025,MediaTek,72,Mali GPU,8,256,1000,5110,45,No,6.67,AMOLED,120,50,20,78,78,75,92,98,Android,Yes,None,No,No,No,Budget,86
51,Realme 14 Pro+,Realme,2025,29999,Mid Range,4.4,9000,1500,Dimensity 7300,MediaTek,82,Mali GPU,8,256,1000,5200,80,No,6.83,AMOLED,120,50,32,86,82,82,90,94,Android,Yes,IP68,No,No,No,Camera,89
52,Realme Narzo 80 Pro,Realme,2025,19999,Budget,4.3,7000,1100,Dimensity 7400,MediaTek,80,Mali GPU,8,128,1000,6000,80,No,6.7,AMOLED,120,50,16,80,82,80,96,96,Android,Yes,None,No,No,No,Gaming,88
53,Vivo V50,Vivo,2025,34999,Mid Range,4.5,9000,1300,Snapdragon 7 Gen 3,Snapdragon,80,Adreno GPU,8,256,1000,6000,90,No,6.77,AMOLED,120,50,50,91,80,82,96,92,Android,Yes,None,No,No,No,Camera,90
54,Vivo Y300 Pro,Vivo,2025,24999,Mid Range,4.4,8000,1200,Snapdragon 6 Gen 1,Snapdragon,74,Adreno GPU,8,256,1000,6500,44,No,6.77,AMOLED,120,50,32,80,74,75,98,96,Android,Yes,None,No,No,No,Battery,87
55,Oppo Find X8,Oppo,2024,69999,Premium,4.6,4000,700,Dimensity 9400,MediaTek,96,Immortalis,12,256,1000,5630,80,Yes,6.59,AMOLED,120,50,32,94,94,95,96,85,Android,Yes,IP68,No,No,No,Camera,94
56,Oppo F27 Pro+,Oppo,2024,29999,Mid Range,4.4,6000,900,Dimensity 7050,MediaTek,76,Mali GPU,8,256,1000,5000,67,No,6.7,AMOLED,120,64,8,84,75,78,90,94,Android,Yes,IP69,No,No,No,Design,88
57,Infinix GT 30 Pro,Infinix,2025,24999,Mid Range,4.4,5000,700,Dimensity 8350,MediaTek,84,Mali GPU,12,256,1000,5500,45,No,6.78,AMOLED,144,108,32,82,90,85,92,97,Android,Yes,None,No,No,No,Gaming,90
58,Tecno Camon 40 Pro,Tecno,2025,19999,Budget,4.2,4000,600,Helio G100,MediaTek,68,Mali GPU,8,256,1000,5200,45,No,6.78,AMOLED,120,50,50,86,70,72,90,95,Android,Yes,None,No,No,No,Camera,84
59,Nothing Phone 2a Plus,Nothing,2024,27999,Mid Range,4.4,12000,2000,Dimensity 7350,MediaTek,82,Mali GPU,12,256,0,5000,50,No,6.7,AMOLED,120,50,50,88,82,84,90,95,Android,Yes,None,No,No,No,Value,90
60,CMF Phone 2 Pro,Nothing,2025,18999,Budget,4.3,5000,700,Dimensity 7300,MediaTek,82,Mali GPU,8,128,2000,5000,33,No,6.77,AMOLED,120,50,16,78,80,82,90,97,Android,Yes,None,No,No,No,Budget,87
61,Apple iPhone 16 Pro Max,Apple,2024,134999,Ultra Premium,4.8,18000,3500,A18 Pro,Apple,98,Apple GPU,8,256,0,4685,30,Yes,6.9,OLED,120,48,12,98,96,98,90,84,iOS,Yes,IP68,Yes,Yes,Yes,Performance,97
62,Apple iPhone 16 Pro,Apple,2024,119999,Premium,4.8,14000,2800,A18 Pro,Apple,98,Apple GPU,8,256,0,3582,30,Yes,6.3,OLED,120,48,12,97,96,98,82,86,iOS,Yes,IP68,Yes,Yes,No,Camera,96
63,Apple iPhone 16 Plus,Apple,2024,89999,Premium,4.7,10000,2000,A18,Apple,95,Apple GPU,8,128,0,4674,27,No,6.7,OLED,60,48,12,92,90,94,92,88,iOS,Yes,IP68,Yes,No,No,Battery,93
64,Apple iPhone 16,Apple,2024,79999,Premium,4.7,12000,2300,A18,Apple,95,Apple GPU,8,128,0,3561,27,No,6.1,OLED,60,48,12,90,88,92,80,90,iOS,Yes,IP68,Yes,No,No,Daily Use,92
65,Samsung Galaxy S24 Ultra,Samsung,2024,109999,Premium,4.8,25000,4500,Snapdragon 8 Gen 3,Snapdragon,96,Adreno 750,12,256,1000,5000,45,Yes,6.8,AMOLED,120,200,12,97,95,96,90,86,Android,Yes,IP68,Yes,Yes,No,Camera,96
66,Samsung Galaxy S24+,Samsung,2024,89999,Premium,4.7,15000,3000,Exynos 2400,Exynos,92,Xclipse GPU,12,256,1000,4900,45,Yes,6.7,AMOLED,120,50,12,92,90,93,88,87,Android,Yes,IP68,Yes,Yes,No,Balanced,93
67,Samsung Galaxy S24,Samsung,2024,69999,Premium,4.6,12000,2200,Exynos 2400,Exynos,90,Xclipse GPU,8,256,1000,4000,25,No,6.2,AMOLED,120,50,12,90,88,90,80,89,Android,Yes,IP68,Yes,No,No,Compact,91
68,OnePlus 12,OnePlus,2024,59999,Premium,4.7,16000,2800,Snapdragon 8 Gen 3,Snapdragon,96,Adreno 750,12,256,1000,5400,100,No,6.82,AMOLED,120,50,32,92,96,95,94,92,Android,Yes,IP65,No,No,No,Performance,95
69,OnePlus Nord 4,OnePlus,2024,29999,Mid Range,4.5,13000,2200,Snapdragon 7+ Gen 3,Snapdragon,86,Adreno GPU,8,128,1000,5500,100,No,6.74,AMOLED,120,50,16,84,88,86,96,95,Android,Yes,None,No,No,No,Value,91
70,Motorola Razr 60 Ultra,Motorola,2025,99999,Premium,4.5,3000,500,Snapdragon 8 Elite,Snapdragon,97,Adreno 830,12,512,0,4700,68,Yes,6.9,Foldable OLED,165,50,50,92,90,95,85,78,Android,Yes,IP48,No,Yes,No,Luxury,92
71,Google Pixel 9 Pro,Google,2024,94999,Premium,4.7,9000,1500,Tensor G4,Google,92,Immortalis GPU,16,256,0,4700,45,Yes,6.3,OLED,120,50,42,97,86,91,88,85,Android,Yes,IP68,Yes,Yes,No,Camera,93
72,Google Pixel 9 Pro XL,Google,2024,109999,Premium,4.7,7000,1200,Tensor G4,Google,92,Immortalis GPU,16,512,0,5060,45,Yes,6.8,OLED,120,50,42,97,87,92,92,82,Android,Yes,IP68,Yes,Yes,No,Camera,94
73,Google Pixel 9,Google,2024,79999,Premium,4.6,10000,1800,Tensor G4,Google,90,Immortalis GPU,12,256,0,4700,27,No,6.3,OLED,120,50,10,94,82,88,90,86,Android,Yes,IP68,Yes,No,No,Photography,91
74,Asus ROG Phone 8 Pro,Asus,2024,94999,Premium,4.6,4000,700,Snapdragon 8 Gen 3,Snapdragon,97,Adreno 750,16,512,1000,5500,65,No,6.78,AMOLED,165,50,32,85,99,98,96,82,Android,Yes,IP68,No,Yes,No,Gaming,96
75,Asus Zenfone 11 Ultra,Asus,2024,89999,Premium,4.5,3000,500,Snapdragon 8 Gen 3,Snapdragon,96,Adreno 750,12,256,1000,5500,65,No,6.78,AMOLED,144,50,32,90,94,96,96,82,Android,Yes,IP68,No,Yes,No,Performance,93
76,Xiaomi 14 Ultra,Xiaomi,2024,99999,Premium,4.7,6000,1000,Snapdragon 8 Gen 3,Snapdragon,96,Adreno 750,16,512,1000,5000,90,Yes,6.73,AMOLED,120,50,32,99,95,97,90,84,Android,Yes,IP68,No,Yes,No,Camera,96
77,Xiaomi 14,Xiaomi,2024,69999,Premium,4.6,8000,1400,Snapdragon 8 Gen 3,Snapdragon,96,Adreno 750,12,512,0,4610,90,Yes,6.36,AMOLED,120,50,32,94,94,95,84,86,Android,Yes,IP68,No,No,No,Balanced,93
78,Redmi Note 13 Pro+,Xiaomi,2024,31999,Mid Range,4.5,20000,4000,Dimensity 7200 Ultra,MediaTek,80,Mali GPU,12,256,1000,5000,120,No,6.67,AMOLED,120,200,16,90,78,82,88,96,Android,Yes,IP68,No,No,No,Value,91
79,Poco F6 Pro,Poco,2024,39999,Upper Mid Range,4.6,15000,2600,Snapdragon 8 Gen 2,Snapdragon,94,Adreno 740,12,256,1000,5000,120,No,6.67,AMOLED,120,50,16,84,96,94,88,96,Android,Yes,None,No,No,No,Gaming,94
80,Poco X6 Pro,Poco,2024,26999,Mid Range,4.5,25000,5000,Dimensity 8300 Ultra,MediaTek,88,Mali GPU,12,512,0,5000,67,No,6.67,AMOLED,120,64,16,82,94,88,90,98,Android,Yes,None,No,No,No,Gaming,93
81,Vivo X100 Ultra,Vivo,2024,99999,Premium,4.7,5000,900,Snapdragon 8 Gen 3,Snapdragon,96,Adreno 750,16,512,1000,5500,80,Yes,6.78,AMOLED,120,200,50,99,92,96,95,84,Android,Yes,IP68,No,Yes,No,Camera,96
82,Vivo X100 Pro,Vivo,2024,89999,Premium,4.7,6000,1000,Dimensity 9300,MediaTek,94,Immortalis,16,512,1000,5400,100,Yes,6.78,AMOLED,120,50,32,98,90,95,94,85,Android,Yes,IP68,No,Yes,No,Photography,95
83,Vivo V40 Pro,Vivo,2024,49999,Upper Mid Range,4.5,7000,1200,Dimensity 9200+,MediaTek,90,Immortalis,12,512,1000,5500,80,No,6.78,AMOLED,120,50,50,92,85,88,95,90,Android,Yes,None,No,No,No,Camera,91
84,Oppo Find X7 Ultra,Oppo,2024,89999,Premium,4.7,4000,700,Snapdragon 8 Gen 3,Snapdragon,96,Adreno 750,16,512,1000,5000,100,Yes,6.82,AMOLED,120,50,32,99,94,96,90,82,Android,Yes,IP68,No,Yes,No,Camera,96
85,Oppo Reno 12 Pro,Oppo,2024,39999,Upper Mid Range,4.5,8000,1300,Dimensity 7300,MediaTek,82,Mali GPU,12,512,1000,5000,80,No,6.7,AMOLED,120,50,50,90,82,84,90,92,Android,Yes,None,No,No,No,Portrait,90
86,Huawei P60 Pro,Huawei,2023,79999,Premium,4.6,3000,500,Snapdragon 8+ Gen 1,Snapdragon,88,Adreno GPU,12,256,0,4815,88,Yes,6.67,OLED,120,48,13,96,82,86,90,82,HarmonyOS,No,IP68,No,Yes,No,Camera,91
87,HONOR Magic 6 Pro,HONOR,2024,89999,Premium,4.7,4000,600,Snapdragon 8 Gen 3,Snapdragon,96,Adreno 750,12,512,1000,5600,80,Yes,6.8,OLED,120,180,50,98,90,95,96,84,Android,Yes,IP68,No,Yes,No,Camera,95
88,Nothing Phone 2,Nothing,2023,44999,Upper Mid Range,4.4,12000,2500,Snapdragon 8+ Gen 1,Snapdragon,88,Adreno GPU,12,256,0,4700,45,No,6.7,OLED,120,50,32,84,85,86,86,94,Android,Yes,None,No,No,No,Value,90
89,Nothing Phone 2a,Nothing,2024,23999,Mid Range,4.4,15000,3000,Dimensity 7200 Pro,MediaTek,80,Mali GPU,8,128,1000,5000,45,No,6.7,AMOLED,120,50,32,82,80,80,90,97,Android,Yes,None,No,No,No,Value,89
90,Realme GT 6,Realme,2024,40999,Upper Mid Range,4.5,10000,1600,Snapdragon 8s Gen 3,Snapdragon,87,Adreno GPU,12,256,1000,5500,120,No,6.78,AMOLED,120,50,32,87,90,88,96,95,Android,Yes,None,No,No,No,Performance,92
91,Realme GT Neo 6,Realme,2024,34999,Mid Range,4.5,7000,1200,Snapdragon 8s Gen 3,Snapdragon,87,Adreno GPU,12,256,1000,5500,120,No,6.78,AMOLED,120,50,16,84,92,88,96,96,Android,Yes,None,No,No,No,Gaming,92
92,Motorola Edge 50 Ultra,Motorola,2024,59999,Premium,4.5,5000,800,Snapdragon 8s Gen 3,Snapdragon,87,Adreno GPU,12,512,1000,4500,125,No,6.67,POLED,144,50,50,91,88,90,82,90,Android,Yes,IP68,No,No,No,Design,91
93,Motorola Edge 50 Pro,Motorola,2024,39999,Upper Mid Range,4.5,8000,1300,Snapdragon 7 Gen 3,Snapdragon,80,Adreno GPU,12,256,1000,4500,125,No,6.7,POLED,144,50,50,90,80,82,82,94,Android,Yes,IP68,No,No,No,Camera,90
94,Nubia Z60 Ultra,Nubia,2024,59999,Premium,4.5,3000,500,Snapdragon 8 Gen 3,Snapdragon,96,Adreno 750,16,512,1000,6000,80,No,6.8,AMOLED,120,50,12,88,96,95,98,90,Android,Yes,None,No,No,No,Gaming,94
95,Lenovo Legion Phone Duel,Lenovo,2021,49999,Premium,4.4,2000,400,Snapdragon 888,Snapdragon,82,Adreno 660,12,256,0,5500,90,No,6.65,AMOLED,144,64,44,80,95,86,96,88,Android,Yes,None,No,No,No,Gaming,90
96,LG Wing,LG,2020,69999,Premium,4.2,1000,200,Snapdragon 765G,Snapdragon,70,Adreno GPU,8,256,2000,4000,25,No,6.8,P-OLED,60,64,32,78,70,72,75,75,Android,Yes,None,No,No,No,Innovation,78
97,Nokia G60,Nokia,2022,24999,Mid Range,4.2,3000,500,Snapdragon 695,Snapdragon,72,Adreno GPU,6,128,1000,4500,20,No,6.58,LCD,120,50,8,72,70,72,82,90,Android,Yes,None,No,No,No,Budget,82
98,OnePlus 11,OnePlus,2023,56999,Premium,4.6,18000,3000,Snapdragon 8 Gen 2,Snapdragon,94,Adreno 740,12,256,1000,5000,100,No,6.7,AMOLED,120,50,16,90,94,94,90,94,Android,Yes,IP64,No,No,No,Performance,94
99,Samsung Galaxy S23 Ultra,Samsung,2023,99999,Premium,4.8,30000,5000,Snapdragon 8 Gen 2,Snapdragon,94,Adreno 740,12,256,1000,5000,45,Yes,6.8,AMOLED,120,200,12,98,92,94,90,84,Android,Yes,IP68,Yes,Yes,No,Camera,95
100,iPhone 15 Pro Max,Apple,2023,139999,Ultra Premium,4.8,25000,4500,A17 Pro,Apple,96,Apple GPU,8,256,0,4441,27,Yes,6.7,OLED,120,48,12,98,95,97,88,82,iOS,Yes,IP68,Yes,Yes,Yes,Performance,97
101,OnePlus Open,OnePlus,2023,139999,Ultra Premium,4.6,5000,900,Snapdragon 8 Gen 2,Snapdragon,94,Adreno 740,16,512,0,4805,67,Yes,7.82,AMOLED Foldable,120,48,20,92,92,94,88,75,Android,Yes,None,No,Yes,Yes,Luxury,93
102,Samsung Galaxy Z Fold 6,Samsung,2024,164999,Ultra Premium,4.6,7000,1200,Snapdragon 8 Gen 3,Samsung,96,Adreno 750,12,512,0,4400,25,Yes,7.6,AMOLED Foldable,120,50,10,93,88,94,82,72,Android,Yes,IP48,Yes,Yes,Yes,Luxury,94
103,Samsung Galaxy Z Flip 6,Samsung,2024,109999,Premium,4.5,8000,1500,Snapdragon 8 Gen 3,Samsung,96,Adreno 750,12,256,0,4000,25,Yes,6.7,AMOLED Foldable,120,50,10,88,85,92,80,78,Android,Yes,IP48,Yes,Yes,No,Luxury,91
104,Google Pixel Fold,Google,2023,139999,Ultra Premium,4.3,3000,500,Tensor G2,Google,82,Immortalis GPU,12,256,0,4821,30,Yes,7.6,OLED Foldable,120,48,10,92,80,84,88,70,Android,Yes,IPX8,Yes,Yes,Yes,Luxury,88
105,Honor Magic V3,HONOR,2024,149999,Ultra Premium,4.6,4000,700,Snapdragon 8 Gen 3,Snapdragon,96,Adreno 750,16,512,0,5150,66,Yes,7.92,OLED Foldable,120,50,40,95,88,94,92,74,Android,Yes,IPX8,No,Yes,Yes,Luxury,94
106,Motorola Razr 50 Ultra,Motorola,2024,99999,Premium,4.4,4000,700,Snapdragon 8s Gen 3,Snapdragon,87,Adreno GPU,12,512,0,4000,45,Yes,6.9,Foldable OLED,165,50,32,90,85,88,80,78,Android,Yes,IPX8,No,Yes,No,Luxury,90
107,Xiaomi Mix Fold 4,Xiaomi,2024,159999,Ultra Premium,4.5,2500,400,Snapdragon 8 Gen 3,Snapdragon,96,Adreno 750,16,512,0,5100,67,Yes,7.98,AMOLED Foldable,120,50,20,94,90,94,90,70,Android,Yes,IPX8,No,Yes,Yes,Luxury,93
108,Vivo X Fold 3 Pro,Vivo,2024,159999,Ultra Premium,4.7,3000,500,Snapdragon 8 Gen 3,Snapdragon,96,Adreno 750,16,512,0,5700,100,Yes,8.03,AMOLED Foldable,120,50,32,97,91,95,98,72,Android,Yes,IPX8,No,Yes,Yes,Camera,95
109,Asus ROG Phone 7 Ultimate,Asus,2023,99999,Premium,4.6,4000,700,Snapdragon 8 Gen 2,Snapdragon,94,Adreno 740,16,512,1000,6000,65,No,6.78,AMOLED,165,50,32,84,100,97,98,82,Android,Yes,None,No,Yes,No,Gaming,95
110,Red Magic 9 Pro,Nubia,2024,69999,Premium,4.6,7000,1100,Snapdragon 8 Gen 3,Snapdragon,96,Adreno 750,16,512,0,6500,80,No,6.8,AMOLED,120,50,16,82,100,98,100,90,Android,Yes,None,No,No,No,Gaming,96
111,Black Shark 5 Pro,Black Shark,2022,59999,Premium,4.5,3000,500,Snapdragon 8 Gen 1,Snapdragon,88,Adreno 730,12,256,0,4650,120,No,6.67,AMOLED,144,108,16,80,98,88,85,80,Android,Yes,None,No,No,No,Gaming,91
112,POCO F5 Pro,Poco,2023,36999,Upper Mid Range,4.5,15000,2500,Snapdragon 8+ Gen 1,Snapdragon,88,Adreno 730,12,256,1000,5160,67,Yes,6.67,AMOLED,120,64,16,82,90,88,90,96,Android,Yes,None,No,No,No,Gaming,92
113,Redmi K60 Ultra,Xiaomi,2023,39999,Upper Mid Range,4.5,9000,1300,Dimensity 9200+,MediaTek,91,Immortalis,16,512,1000,5000,120,No,6.67,AMOLED,144,50,20,84,94,91,90,95,Android,Yes,None,No,No,No,Gaming,93
114,Redmi K70,Xiaomi,2023,34999,Mid Range,4.4,8000,1200,Snapdragon 8 Gen 2,Snapdragon,94,Adreno 740,12,256,1000,5000,120,No,6.67,AMOLED,120,50,16,84,95,92,90,97,Android,Yes,None,No,No,No,Performance,93
115,Realme GT 5,Realme,2023,39999,Upper Mid Range,4.5,7000,1000,Snapdragon 8 Gen 2,Snapdragon,94,Adreno 740,16,512,1000,4600,240,No,6.74,AMOLED,144,50,16,82,96,94,82,96,Android,Yes,None,No,No,No,Gaming,93
116,Realme GT Neo 5,Realme,2023,32999,Mid Range,4.4,9000,1400,Snapdragon 8+ Gen 1,Snapdragon,88,Adreno 730,12,256,1000,5000,150,No,6.74,AMOLED,144,50,16,82,94,90,90,97,Android,Yes,None,No,No,No,Gaming,92
117,Vivo iQOO 12,iQOO,2023,52999,Premium,4.6,10000,1700,Snapdragon 8 Gen 3,Snapdragon,96,Adreno 750,12,256,1000,5000,120,No,6.78,AMOLED,144,50,16,86,98,96,88,94,Android,Yes,None,No,No,No,Gaming,95
118,iQOO Neo 9 Pro,iQOO,2024,34999,Mid Range,4.5,12000,2200,Snapdragon 8 Gen 2,Snapdragon,94,Adreno 740,12,256,1000,5160,120,No,6.78,AMOLED,144,50,16,82,96,93,92,96,Android,Yes,None,No,No,No,Gaming,94
119,OnePlus Ace 3,OnePlus,2024,42999,Upper Mid Range,4.5,6000,900,Snapdragon 8 Gen 2,Snapdragon,94,Adreno 740,12,256,1000,5500,100,No,6.78,AMOLED,120,50,16,85,95,93,95,94,Android,Yes,None,No,No,No,Performance,94
120,OnePlus Ace 3V,OnePlus,2024,29999,Mid Range,4.4,7000,1100,Snapdragon 7+ Gen 3,Snapdragon,86,Adreno GPU,12,256,1000,5500,100,No,6.74,AMOLED,120,50,16,82,88,86,96,97,Android,Yes,None,No,No,No,Value,91
121,Samsung Galaxy A55,Samsung,2024,39999,Upper Mid Range,4.5,18000,3500,Exynos 1480,Exynos,78,Xclipse GPU,8,256,1000,5000,25,No,6.6,AMOLED,120,50,32,85,78,80,92,94,Android,Yes,IP67,Yes,No,No,Balanced,90
122,Samsung Galaxy A35,Samsung,2024,29999,Mid Range,4.4,15000,2800,Exynos 1380,Exynos,76,Mali GPU,8,128,1000,5000,25,No,6.6,AMOLED,120,50,13,82,76,78,92,95,Android,Yes,IP67,Yes,No,No,Value,88
123,Samsung Galaxy M35,Samsung,2024,19999,Budget,4.3,12000,2200,Exynos 1380,Exynos,76,Mali GPU,8,128,1000,6000,25,No,6.6,AMOLED,120,50,13,80,75,77,98,96,Android,Yes,None,Yes,No,No,Battery,88
124,Samsung Galaxy F55,Samsung,2024,26999,Mid Range,4.3,7000,1000,Snapdragon 7 Gen 1,Snapdragon,78,Adreno GPU,8,128,1000,5000,45,No,6.7,AMOLED,120,50,8,78,76,78,90,94,Android,Yes,None,Yes,No,No,Value,86
125,Apple iPhone 15 Pro,Apple,2023,119999,Premium,4.8,20000,3500,A17 Pro,Apple,96,Apple GPU,8,256,0,3274,27,Yes,6.1,OLED,120,48,12,97,95,97,75,82,iOS,Yes,IP68,Yes,Yes,No,Performance,95
126,Apple iPhone 15 Plus,Apple,2023,79999,Premium,4.7,16000,2800,A16 Bionic,Apple,92,Apple GPU,6,128,0,4383,27,No,6.7,OLED,60,48,12,90,86,90,92,88,iOS,Yes,IP68,Yes,No,No,Battery,91
127,Apple iPhone 15,Apple,2023,69999,Premium,4.7,18000,3200,A16 Bionic,Apple,92,Apple GPU,6,128,0,3349,20,No,6.1,OLED,60,48,12,90,86,90,78,90,iOS,Yes,IP68,Yes,No,No,Daily Use,90
128,Samsung Galaxy S23 FE,Samsung,2023,49999,Upper Mid Range,4.4,10000,1800,Exynos 2200,Exynos,84,Xclipse GPU,8,128,1000,4500,25,No,6.4,AMOLED,120,50,10,86,82,84,86,90,Android,Yes,IP68,Yes,No,No,Balanced,89
129,Google Pixel 8 Pro,Google,2023,89999,Premium,4.7,12000,2000,Tensor G3,Google,86,Immortalis GPU,12,256,0,5050,30,Yes,6.7,OLED,120,50,10,96,80,86,92,82,Android,Yes,IP68,Yes,Yes,No,Camera,93
130,Google Pixel 8,Google,2023,69999,Premium,4.6,14000,2500,Tensor G3,Google,86,Immortalis GPU,8,128,0,4575,27,No,6.2,OLED,120,50,10,92,78,84,88,86,Android,Yes,IP68,Yes,No,No,Camera,90
131,Xiaomi 13 Ultra,Xiaomi,2023,89999,Premium,4.7,7000,1200,Snapdragon 8 Gen 2,Snapdragon,94,Adreno 740,16,512,1000,5000,90,Yes,6.73,AMOLED,120,50,32,99,92,95,90,84,Android,Yes,IP68,No,Yes,No,Photography,95
132,Xiaomi 13 Pro,Xiaomi,2023,79999,Premium,4.6,8000,1300,Snapdragon 8 Gen 2,Snapdragon,94,Adreno 740,12,256,1000,4820,120,Yes,6.73,AMOLED,120,50,32,96,92,94,85,86,Android,Yes,IP68,No,No,No,Camera,93
133,Xiaomi 13T Pro,Xiaomi,2023,59999,Premium,4.5,6000,900,Dimensity 9200+,MediaTek,91,Immortalis,12,512,1000,5000,120,No,6.67,AMOLED,144,50,20,91,94,92,90,90,Android,Yes,IP68,No,No,No,Performance,93
134,Redmi Note 12 Pro+,Xiaomi,2023,29999,Mid Range,4.4,20000,4000,Dimensity 1080,MediaTek,78,Mali GPU,8,256,1000,4980,120,No,6.67,AMOLED,120,200,16,88,76,80,88,96,Android,Yes,None,No,No,No,Camera,89
135,Poco X5 Pro,Poco,2023,24999,Mid Range,4.5,30000,6000,Snapdragon 778G,Snapdragon,76,Adreno GPU,8,256,1000,5000,67,No,6.67,AMOLED,120,108,16,84,80,78,90,98,Android,Yes,None,No,No,No,Value,90
136,Poco F5,Poco,2023,29999,Mid Range,4.5,22000,4000,Snapdragon 7+ Gen 2,Snapdragon,86,Adreno GPU,8,256,1000,5000,67,No,6.67,AMOLED,120,64,16,82,90,86,90,98,Android,Yes,None,No,No,No,Performance,92
137,OnePlus 10 Pro,OnePlus,2022,54999,Premium,4.6,15000,2500,Snapdragon 8 Gen 1,Snapdragon,86,Adreno 730,12,256,1000,5000,80,Yes,6.7,AMOLED,120,48,32,94,86,88,90,90,Android,Yes,IP68,No,No,No,Balanced,91
138,OnePlus 10T,OnePlus,2022,44999,Upper Mid Range,4.5,14000,2200,Snapdragon 8+ Gen 1,Snapdragon,88,Adreno 730,12,256,1000,4800,150,No,6.7,AMOLED,120,50,16,84,94,90,80,96,Android,Yes,None,No,No,No,Gaming,92
139,Realme GT 2 Pro,Realme,2022,49999,Premium,4.5,12000,1800,Snapdragon 8 Gen 1,Snapdragon,86,Adreno 730,12,256,0,5000,65,No,6.7,AMOLED,120,50,32,88,88,86,90,94,Android,Yes,None,No,No,No,Value,90
140,Realme GT Neo 3,Realme,2022,32999,Mid Range,4.4,9000,1500,Dimensity 8100,MediaTek,82,Mali GPU,12,256,0,5000,150,No,6.7,AMOLED,120,50,16,82,88,84,92,96,Android,Yes,None,No,No,No,Gaming,90
141,Vivo X90 Pro,Vivo,2023,84999,Premium,4.6,5000,900,Dimensity 9200,MediaTek,90,Immortalis,12,256,1000,4870,120,Yes,6.78,AMOLED,120,50,32,97,88,91,88,82,Android,Yes,IP68,No,Yes,No,Camera,93
142,Vivo V29 Pro,Vivo,2023,39999,Upper Mid Range,4.5,8000,1300,Dimensity 8200,MediaTek,84,Mali GPU,12,256,0,4600,80,No,6.78,AMOLED,120,50,50,90,82,84,80,94,Android,Yes,None,No,No,No,Portrait,90
143,Oppo Find X6 Pro,Oppo,2023,89999,Premium,4.7,4000,700,Snapdragon 8 Gen 2,Snapdragon,94,Adreno 740,12,256,0,5000,100,Yes,6.82,AMOLED,120,50,32,98,90,94,92,84,Android,Yes,IP68,No,Yes,No,Camera,95
144,Oppo Reno 10 Pro+,Oppo,2023,49999,Upper Mid Range,4.5,7000,1100,Snapdragon 8+ Gen 1,Snapdragon,88,Adreno 730,12,256,0,4700,100,No,6.74,AMOLED,120,50,32,90,84,86,84,92,Android,Yes,None,No,No,No,Camera,91
145,Huawei Mate 50 Pro,Huawei,2022,79999,Premium,4.5,3000,500,Snapdragon 8+ Gen 1,Snapdragon,88,Adreno GPU,8,256,256,4700,66,Yes,6.74,OLED,120,50,13,95,82,86,88,78,HarmonyOS,No,IP68,No,Yes,No,Camera,90
146,HONOR 200 Pro,HONOR,2024,49999,Upper Mid Range,4.5,4000,700,Snapdragon 8s Gen 3,Snapdragon,87,Adreno GPU,12,512,1000,5200,100,No,6.78,OLED,120,50,50,92,84,86,94,90,Android,Yes,None,No,No,No,Portrait,91
147,Nokia G42,Nokia,2023,15999,Budget,4.1,5000,900,Snapdragon 480+,Snapdragon,60,Adreno GPU,6,128,1000,5000,20,No,6.56,LCD,90,50,8,70,60,62,90,95,Android,Yes,None,No,No,No,Budget,78
148,Motorola G85,Motorola,2024,19999,Budget,4.3,10000,1800,Snapdragon 6s Gen 3,Snapdragon,68,Adreno GPU,8,128,1000,5000,30,No,6.67,POLED,120,50,32,80,70,72,92,96,Android,Yes,None,No,No,No,Value,86
149,Motorola G54,Motorola,2023,15999,Budget,4.3,12000,2000,Dimensity 7020,MediaTek,72,Mali GPU,8,128,1000,6000,33,No,6.5,LCD,120,50,16,76,72,72,98,97,Android,Yes,None,No,No,No,Battery,86
150,Infinix Zero 30,Infinix,2023,21999,Budget,4.3,7000,1200,Dimensity 8020,MediaTek,78,Mali GPU,8,256,1000,5000,68,No,6.78,AMOLED,144,108,50,86,80,78,90,96,Android,Yes,None,No,No,No,Camera,88
151,Tecno Phantom V Fold,Tecno,2023,79999,Premium,4.3,2000,300,Dimensity 9000+,MediaTek,90,Mali GPU,12,256,0,5000,45,No,7.85,AMOLED Foldable,120,50,16,84,85,88,90,70,Android,Yes,None,No,Yes,Yes,Luxury,86
152,Tecno Phantom X2 Pro,Tecno,2022,49999,Upper Mid Range,4.4,3000,500,Dimensity 9000,MediaTek,90,Mali GPU,12,256,0,5160,45,No,6.8,AMOLED,120,50,32,90,82,86,94,90,Android,Yes,None,No,No,No,Camera,90
153,Infinix Note 40 Pro,Infinix,2024,19999,Budget,4.3,10000,1800,Helio G99,MediaTek,70,Mali GPU,8,256,1000,5000,70,Yes,6.78,AMOLED,120,108,32,84,72,74,90,98,Android,Yes,None,No,No,No,Value,87
154,Infinix GT 20 Pro,Infinix,2024,24999,Mid Range,4.4,9000,1400,Dimensity 8200,MediaTek,84,Mali GPU,12,256,1000,5000,45,No,6.78,AMOLED,144,108,32,82,92,86,90,96,Android,Yes,None,No,No,No,Gaming,90
155,Redmi 13C,Xiaomi,2023,9999,Budget,4.2,20000,4000,Helio G85,MediaTek,65,Mali GPU,4,128,1000,5000,18,No,6.74,LCD,90,50,8,65,60,62,90,98,Android,Yes,None,No,No,No,Budget,78
156,Redmi 12,Xiaomi,2023,11999,Budget,4.2,18000,3500,Helio G88,MediaTek,64,Mali GPU,6,128,1000,5000,18,No,6.79,LCD,90,50,8,65,60,62,90,97,Android,No,None,No,No,No,Budget,77
157,Samsung Galaxy M14,Samsung,2023,13999,Budget,4.3,25000,5000,Exynos 1330,Exynos,70,Mali GPU,6,128,1000,6000,25,No,6.6,LCD,90,50,13,70,65,68,98,96,Android,Yes,None,Yes,No,No,Battery,84
158,Samsung Galaxy A14,Samsung,2023,13999,Budget,4.1,20000,4000,Exynos 850,Exynos,60,Mali GPU,4,64,1000,5000,15,No,6.6,LCD,90,50,13,65,55,60,90,94,Android,Yes,None,Yes,No,No,Budget,76
159,Realme C67,Realme,2023,12999,Budget,4.3,15000,2500,Snapdragon 685,Snapdragon,65,Adreno GPU,6,128,1000,5000,33,No,6.72,LCD,90,108,8,76,65,68,92,98,Android,Yes,None,No,No,No,Value,83
160,Realme Narzo 60 Pro,Realme,2023,23999,Mid Range,4.4,9000,1500,Dimensity 7050,MediaTek,76,Mali GPU,8,128,1000,5000,67,No,6.7,AMOLED,120,100,16,84,75,78,90,95,Android,Yes,None,No,No,No,Camera,88
161,Vivo Y200,Vivo,2023,21999,Budget,4.3,8000,1200,Snapdragon 4 Gen 1,Snapdragon,68,Adreno GPU,8,128,1000,4800,44,No,6.67,AMOLED,120,64,16,80,72,74,90,95,Android,Yes,None,No,No,No,Value,85
161,Vivo Y200,Vivo,2023,21999,Mid Range,4.3,10000,1800,Snapdragon 4 Gen 2,Snapdragon,65,Adreno GPU,8,128,1000,4800,44,No,6.67,AMOLED,120,64,16,78,65,68,90,95,Android,Yes,None,No,No,No,Value,85
162,Vivo T2 Pro,Vivo,2023,23999,Mid Range,4.4,8000,1200,Dimensity 7200,MediaTek,80,Mali GPU,8,128,0,4600,66,No,6.78,AMOLED,120,64,16,80,80,82,85,94,Android,Yes,None,No,No,No,Performance,88
163,Oppo A79,Oppo,2023,18999,Budget,4.2,7000,1000,Dimensity 6020,MediaTek,68,Mali GPU,8,128,1000,5000,33,No,6.72,LCD,90,50,8,70,62,65,92,95,Android,Yes,None,No,No,No,Budget,81
164,Oppo A78,Oppo,2023,17999,Budget,4.2,12000,2200,Snapdragon 680,Snapdragon,62,Adreno GPU,8,128,1000,5000,67,No,6.56,AMOLED,90,50,8,72,60,64,90,96,Android,No,None,No,No,No,Budget,82
165,HONOR X9b,HONOR,2024,25999,Mid Range,4.4,8000,1200,Snapdragon 6 Gen 1,Snapdragon,72,Adreno GPU,8,256,1000,5800,35,No,6.78,AMOLED,120,108,16,82,70,72,98,94,Android,Yes,None,No,No,No,Dropsafe,88
166,HONOR X8b,HONOR,2023,19999,Budget,4.2,4000,600,Snapdragon 680,Snapdragon,62,Adreno GPU,8,128,0,4500,35,No,6.7,AMOLED,90,108,50,82,60,64,82,92,Android,No,None,No,No,No,Design,82
167,OnePlus Nord CE 4,OnePlus,2024,24999,Mid Range,4.5,15000,3000,Snapdragon 7 Gen 3,Snapdragon,80,Adreno GPU,8,128,1000,5500,100,No,6.7,AMOLED,120,50,16,82,85,82,96,97,Android,Yes,None,No,No,No,Value,91
168,OnePlus Nord CE 3,OnePlus,2023,24999,Mid Range,4.4,13000,2200,Snapdragon 782G,Snapdragon,82,Adreno GPU,8,128,1000,5000,80,No,6.72,AMOLED,120,50,16,80,84,82,92,96,Android,Yes,None,No,No,No,Balanced,89
169,Motorola Edge 40,Motorola,2023,29999,Mid Range,4.4,6000,900,Dimensity 8020,MediaTek,78,Mali GPU,8,256,0,4400,68,No,6.55,POLED,144,50,32,88,80,82,80,90,Android,Yes,IP68,No,No,No,Design,88
170,Motorola G73,Motorola,2023,17999,Budget,4.2,7000,1000,Dimensity 930,MediaTek,68,Mali GPU,8,128,1000,5000,30,No,6.5,LCD,120,50,16,72,65,66,94,94,Android,Yes,None,No,No,No,Budget,82
171,Sony Xperia 5 V,Sony,2023,79999,Premium,4.4,2000,400,Snapdragon 8 Gen 2,Snapdragon,94,Adreno 740,8,128,1000,5000,30,No,6.1,OLED,120,48,12,94,82,88,92,76,Android,Yes,IP68,Yes,No,No,Compact,90
172,Sony Xperia 1 V,Sony,2023,109999,Premium,4.5,2500,500,Snapdragon 8 Gen 2,Snapdragon,94,Adreno 740,12,256,1000,5000,30,Yes,6.5,OLED,120,48,12,96,86,92,90,74,Android,Yes,IP68,Yes,Yes,No,Photography,92
173,Nubia Red Magic 8 Pro,Nubia,2023,69999,Premium,4.5,5000,900,Snapdragon 8 Gen 2,Snapdragon,94,Adreno 740,16,512,0,6000,65,No,6.8,AMOLED,120,50,16,80,100,96,98,88,Android,Yes,None,No,No,No,Gaming,95
174,Asus ROG Phone 6,Asus,2022,79999,Premium,4.6,6000,1000,Snapdragon 8+ Gen 1,Snapdragon,88,Adreno 730,16,512,1000,6000,65,No,6.78,AMOLED,165,50,12,82,99,92,100,84,Android,Yes,None,No,Yes,No,Gaming,94
175,Asus ROG Phone 6D,Asus,2022,69999,Premium,4.5,4000,700,Dimensity 9000+,MediaTek,90,Mali GPU,12,256,1000,6000,65,No,6.78,AMOLED,165,50,12,80,98,94,100,85,Android,Yes,None,No,Yes,No,Gaming,93
176,Black Shark 4 Pro,Black Shark,2021,49999,Premium,4.3,3000,500,Snapdragon 888,Snapdragon,82,Adreno 660,12,256,0,4500,120,No,6.67,AMOLED,144,64,20,78,96,82,82,80,Android,Yes,None,No,No,No,Gaming,88
177,Mi 11 Ultra,Xiaomi,2021,69999,Premium,4.5,5000,800,Snapdragon 888,Snapdragon,82,Adreno 660,12,256,0,5000,67,Yes,6.81,AMOLED,120,50,20,98,82,86,90,84,Android,Yes,IP68,No,Yes,No,Camera,91
178,Xiaomi 12 Pro,Xiaomi,2022,62999,Premium,4.5,7000,1100,Snapdragon 8 Gen 1,Snapdragon,86,Adreno 730,12,256,0,4600,120,Yes,6.73,AMOLED,120,50,32,94,84,88,80,88,Android,Yes,None,No,No,No,Performance,91
179,Xiaomi 12T Pro,Xiaomi,2022,49999,Upper Mid Range,4.5,5000,800,Snapdragon 8+ Gen 1,Snapdragon,88,Adreno 730,12,256,0,5000,120,No,6.67,AMOLED,120,200,20,92,90,90,92,94,Android,Yes,None,No,No,No,Camera,93
180,Redmi Note 11 Pro+,Xiaomi,2022,24999,Mid Range,4.4,20000,4000,Dimensity 920,MediaTek,78,Mali GPU,8,128,1000,4500,120,No,6.67,AMOLED,120,108,16,84,75,78,85,96,Android,Yes,None,No,No,No,Value,88
181,Samsung Galaxy S22 Ultra,Samsung,2022,109999,Premium,4.7,22000,4000,Snapdragon 8 Gen 1,Snapdragon,86,Adreno 730,12,256,1000,5000,45,Yes,6.8,AMOLED,120,108,40,98,84,90,92,82,Android,Yes,IP68,Yes,Yes,No,Camera,94
182,Samsung Galaxy S22+,Samsung,2022,84999,Premium,4.6,18000,3000,Snapdragon 8 Gen 1,Snapdragon,86,Adreno 730,8,128,1000,4500,45,Yes,6.6,AMOLED,120,50,10,90,82,88,86,85,Android,Yes,IP68,Yes,No,No,Balanced,91
183,Samsung Galaxy S22,Samsung,2022,69999,Premium,4.5,16000,2800,Snapdragon 8 Gen 1,Snapdragon,86,Adreno 730,8,128,1000,3700,25,No,6.1,AMOLED,120,50,10,88,80,85,72,88,Android,Yes,IP68,Yes,No,No,Compact,89
184,Samsung Galaxy Z Fold 4,Samsung,2022,154999,Ultra Premium,4.5,8000,1200,Snapdragon 8+ Gen 1,Snapdragon,88,Adreno 730,12,256,0,4400,25,Yes,7.6,AMOLED Foldable,120,50,10,92,85,88,80,70,Android,Yes,IPX8,Yes,Yes,Yes,Luxury,90
185,Samsung Galaxy Z Flip 4,Samsung,2022,99999,Premium,4.4,9000,1500,Snapdragon 8+ Gen 1,Snapdragon,88,Adreno 730,8,128,0,3700,25,Yes,6.7,AMOLED Foldable,120,12,10,84,82,86,70,76,Android,Yes,IPX8,Yes,Yes,No,Luxury,87
186,Apple iPhone 14 Pro Max,Apple,2022,129999,Ultra Premium,4.8,30000,6000,A16 Bionic,Apple,92,Apple GPU,6,256,0,4323,27,Yes,6.7,OLED,120,48,12,98,94,97,86,80,iOS,Yes,IP68,Yes,Yes,Yes,Performance,96
187,Apple iPhone 14 Pro,Apple,2022,119999,Premium,4.8,25000,5000,A16 Bionic,Apple,92,Apple GPU,6,256,0,3200,27,Yes,6.1,OLED,120,48,12,97,94,97,72,82,iOS,Yes,IP68,Yes,Yes,No,Camera,95
188,Apple iPhone 14 Plus,Apple,2022,89999,Premium,4.7,18000,3500,A15 Bionic,Apple,88,Apple GPU,6,128,0,4325,20,No,6.7,OLED,60,12,12,88,86,90,92,84,iOS,Yes,IP68,Yes,No,No,Battery,90
189,Apple iPhone 14,Apple,2022,69999,Premium,4.7,22000,4500,A15 Bionic,Apple,88,Apple GPU,6,128,0,3279,20,No,6.1,OLED,60,12,12,86,84,88,70,86,iOS,Yes,IP68,Yes,No,No,Daily Use,89
190,Google Pixel 7 Pro,Google,2022,84999,Premium,4.6,12000,2000,Tensor G2,Google,82,Mali GPU,12,128,0,5000,30,Yes,6.7,OLED,120,50,48,94,78,84,92,80,Android,Yes,IP68,Yes,Yes,No,Camera,91
191,Google Pixel 7,Google,2022,59999,Upper Mid Range,4.5,14000,2500,Tensor G2,Google,82,Mali GPU,8,128,0,4355,20,No,6.3,OLED,90,50,12,90,76,82,86,84,Android,Yes,IP68,Yes,No,No,Value,88
192,OnePlus 9 Pro,OnePlus,2021,64999,Premium,4.5,16000,2600,Snapdragon 888,Snapdragon,82,Adreno 660,12,256,0,4500,65,Yes,6.7,AMOLED,120,48,16,92,82,86,84,88,Android,Yes,IP68,No,No,No,Balanced,90
193,OnePlus 9,OnePlus,2021,49999,Upper Mid Range,4.4,12000,2000,Snapdragon 888,Snapdragon,82,Adreno 660,8,128,0,4500,65,No,6.55,AMOLED,120,48,16,88,82,84,86,90,Android,Yes,None,No,No,No,Performance,88
194,OnePlus Nord 2,OnePlus,2021,29999,Mid Range,4.4,25000,5000,Dimensity 1200,MediaTek,82,Mali GPU,8,128,0,4500,65,No,6.43,AMOLED,90,50,32,86,82,80,82,94,Android,Yes,None,No,No,No,Value,89
195,Xiaomi Poco X3 Pro,Poco,2021,19999,Budget,4.4,50000,10000,Snapdragon 860,Snapdragon,75,Adreno GPU,8,128,1000,5160,33,No,6.67,LCD,120,48,20,76,90,80,95,98,Android,Yes,None,No,No,No,Gaming,89
196,Redmi Note 10 Pro,Xiaomi,2021,18999,Budget,4.4,60000,12000,Snapdragon 732G,Snapdragon,70,Adreno GPU,6,128,512,5020,33,No,6.67,AMOLED,120,108,16,88,70,74,96,98,Android,Yes,None,No,No,No,Camera,87
197,Samsung Galaxy A52s,Samsung,2021,26999,Mid Range,4.3,30000,6000,Snapdragon 778G,Snapdragon,76,Adreno GPU,8,128,1000,4500,25,No,6.5,AMOLED,120,64,32,86,74,78,88,94,Android,Yes,IP67,No,No,No,Balanced,88
198,Samsung Galaxy M52,Samsung,2021,24999,Mid Range,4.3,25000,5000,Snapdragon 778G,Snapdragon,76,Adreno GPU,6,128,1000,5000,25,No,6.7,AMOLED,120,64,32,82,75,76,94,96,Android,Yes,None,Yes,No,No,Battery,87
199,Realme GT Master Edition,Realme,2021,29999,Mid Range,4.3,20000,4000,Snapdragon 778G,Snapdragon,76,Adreno GPU,8,128,0,4300,65,No,6.43,AMOLED,120,64,32,82,80,82,80,92,Android,Yes,None,No,No,No,Design,87
200,Vivo X70 Pro+,Vivo,2021,79999,Premium,4.6,4000,700,Snapdragon 888+,Snapdragon,84,Adreno 660,12,256,1000,4500,55,Yes,6.78,AMOLED,120,50,32,97,82,88,82,80,Android,Yes,IP68,No,Yes,No,Camera,91
